date,time,channels,productName,brand,category,imagePath,imageFullPath,theme,feedCaption,storyFrame1,storyFrame2,storyFrame3,reelIdea,reelShotList,ownerCheck
"2026-05-18","20:30","Facebook Page + Instagram","Beauty of Joseon Ground Rice and Honey Glow Mask 150ml","Beauty of Joseon","Best Moving","assets/products/beauty-of-joseon-ground-rice-and-honey-glow-mask-150ml.jpg","C:\Users\U S E R\Documents\New project 6\assets\products\beauty-of-joseon-ground-rice-and-honey-glow-mask-150ml.jpg","Routine booster","A little self-care moment for your weekly glow.
Beauty of Joseon Ground Rice and Honey Glow Mask 150ml
For anyone building a simple trending beauty routine with products that feel easy to use and easy to love.
DM us to order or ask which routine step this fits into.
#cosmetic_house_lk #CosmeticHouseLK #SkincareSriLanka #SriLankaBeauty #BeautySriLanka #SkincareRoutine #GlowRoutine #OnlineShoppingSriLanka #ColomboBeauty #SriLankaOnlineShopping #BeautyProductsSriLanka #KoreanSkincareSriLanka #BeautyofJoseon","Routine booster: Beauty of Joseon Ground Rice and Honey Glow Mask 150ml","Would you add this to your routine?","Reply with your skin type or beauty goal and we will help you pick the right match.","12-second product routine reel for Beauty of Joseon Ground Rice and Honey Glow Mask 150ml","0-2s: Product close-up on Cosmetic House theme background | 2-5s: Texture / packaging detail | 5-8s: Routine placement text overlay | 8-12s: CTA: DM us to order or ask for a routine match","Owner review only."
"2026-05-19","12:30","Facebook Page + Instagram","ROUND LAB Birch Juice Moisturizing Sun Cream 50ml","Round Lab","Sunscreen","assets/products/round-lab-birch-juice-moisturizing-sun-cream-50ml.jpg","C:\Users\U S E R\Documents\New project 6\assets\products\round-lab-birch-juice-moisturizing-sun-cream-50ml.jpg","SPF reminder","Your glow routine is not complete without SPF.
ROUND LAB Birch Juice Moisturizing Sun Cream 50ml
For anyone building a simple SPF routine with products that feel easy to use and easy to love.
DM us to order or ask which routine step this fits into.
#cosmetic_house_lk #CosmeticHouseLK #SkincareSriLanka #SriLankaBeauty #BeautySriLanka #SkincareRoutine #GlowRoutine #OnlineShoppingSriLanka #ColomboBeauty #SriLankaOnlineShopping #BeautyProductsSriLanka #KoreanSkincareSriLanka #RoundLab","SPF reminder: ROUND LAB Birch Juice Moisturizing Sun Cream 50ml","Would you add this to your routine?","Reply with your skin type or beauty goal and we will help you pick the right match.","12-second product routine reel for ROUND LAB Birch Juice Moisturizing Sun Cream 50ml","0-2s: Product close-up on Cosmetic House theme background | 2-5s: Texture / packaging detail | 5-8s: Routine placement text overlay | 8-12s: CTA: DM us to order or ask for a routine match","Owner review only."
"2026-05-20","21:15","Facebook Page + Instagram","Cosrx Advanced Snail Mucin Gel Cleanser","COSRX","Face Wash","assets/products/cosrx-advanced-snail-mucin-gel-cleanser.jpg","C:\Users\U S E R\Documents\New project 6\assets\products\cosrx-advanced-snail-mucin-gel-cleanser.jpg","Clean routine starter","Fresh skin starts with a cleanser that fits your routine.
Cosrx Advanced Snail Mucin Gel Cleanser
For anyone building a simple cleanser routine with products that feel easy to use and easy to love.
DM us to order or ask which routine step this fits into.
#cosmetic_house_lk #CosmeticHouseLK #SkincareSriLanka #SriLankaBeauty #BeautySriLanka #SkincareRoutine #GlowRoutine #OnlineShoppingSriLanka #ColomboBeauty #SriLankaOnlineShopping #BeautyProductsSriLanka #KoreanSkincareSriLanka #COSRX","Clean routine starter: Cosrx Advanced Snail Mucin Gel Cleanser","Would you add this to your routine?","Reply with your skin type or beauty goal and we will help you pick the right match.","12-second product routine reel for Cosrx Advanced Snail Mucin Gel Cleanser","0-2s: Product close-up on Cosmetic House theme background | 2-5s: Texture / packaging detail | 5-8s: Routine placement text overlay | 8-12s: CTA: DM us to order or ask for a routine match","Owner review only."
"2026-05-21","19:45","Facebook Page + Instagram","Medicube Deep Vita C Capsule Cream 55g","Medicube","Moisturizers","assets/products/medicube-deep-vita-c-capsule-cream-55g.jpg","C:\Users\U S E R\Documents\New project 6\assets\products\medicube-deep-vita-c-capsule-cream-55g.jpg","Barrier support","Soft, calm, comfortable skin is always in.
Medicube Deep Vita C Capsule Cream 55g
For anyone building a simple moisturizer routine with products that feel easy to use and easy to love.
DM us to order or ask which routine step this fits into.
#cosmetic_house_lk #CosmeticHouseLK #SkincareSriLanka #SriLankaBeauty #BeautySriLanka #SkincareRoutine #GlowRoutine #OnlineShoppingSriLanka #ColomboBeauty #SriLankaOnlineShopping #BeautyProductsSriLanka #KoreanSkincareSriLanka #Medicube","Barrier support: Medicube Deep Vita C Capsule Cream 55g","Would you add this to your routine?","Reply with your skin type or beauty goal and we will help you pick the right match.","12-second product routine reel for Medicube Deep Vita C Capsule Cream 55g","0-2s: Product close-up on Cosmetic House theme background | 2-5s: Texture / packaging detail | 5-8s: Routine placement text overlay | 8-12s: CTA: DM us to order or ask for a routine match","Owner review only."
"2026-05-22","13:15","Facebook Page + Instagram","Nivea, Caring Scrub Super Soft Lips, Rosehip Oil + Vitamin E","Nivea","Makeup","assets/products/nivea-caring-scrub-super-soft-lips-rosehip-oil-vitamin-e.jpg","C:\Users\U S E R\Documents\New project 6\assets\products\nivea-caring-scrub-super-soft-lips-rosehip-oil-vitamin-e.jpg","Treatment focus","Small routine step, big glow energy.
Nivea, Caring Scrub Super Soft Lips, Rosehip Oil + Vitamin E
For anyone building a simple makeup routine with products that feel easy to use and easy to love.
DM us to order or ask which routine step this fits into.
#cosmetic_house_lk #CosmeticHouseLK #SkincareSriLanka #SriLankaBeauty #BeautySriLanka #SkincareRoutine #GlowRoutine #OnlineShoppingSriLanka #ColomboBeauty #SriLankaOnlineShopping #BeautyProductsSriLanka #KoreanSkincareSriLanka #Nivea","Treatment focus: Nivea, Caring Scrub Super Soft Lips, Rosehip Oil + Vitamin E","Would you add this to your routine?","Reply with your skin type or beauty goal and we will help you pick the right match.","12-second product routine reel for Nivea, Caring Scrub Super Soft Lips, Rosehip Oil + Vitamin E","0-2s: Product close-up on Cosmetic House theme background | 2-5s: Texture / packaging detail | 5-8s: Routine placement text overlay | 8-12s: CTA: DM us to order or ask for a routine match","Owner review only."
"2026-05-23","20:00","Facebook Page + Instagram","OGX Thick & Full + Biotin & Collagen Volumizing Shampoo & Conditioner Set,","OGX","Shampoos & Hair","assets/products/ogx-thick-full-biotin-collagen-volumizing-shampoo-conditioner-set.jpg","C:\Users\U S E R\Documents\New project 6\assets\products\ogx-thick-full-biotin-collagen-volumizing-shampoo-conditioner-set.jpg","Hair care reset","Good hair days start in the wash.
OGX Thick & Full + Biotin & Collagen Volumizing Shampoo & Conditioner Set,
For anyone building a simple hair care routine with products that feel easy to use and easy to love.
DM us to order or ask which routine step this fits into.
#cosmetic_house_lk #CosmeticHouseLK #SkincareSriLanka #SriLankaBeauty #BeautySriLanka #SkincareRoutine #GlowRoutine #OnlineShoppingSriLanka #ColomboBeauty #SriLankaOnlineShopping #BeautyProductsSriLanka #KoreanSkincareSriLanka #OGX","Hair care reset: OGX Thick & Full + Biotin & Collagen Volumizing Shampoo & Conditioner Set,","Would you add this to your routine?","Reply with your skin type or beauty goal and we will help you pick the right match.","12-second product routine reel for OGX Thick & Full + Biotin & Collagen Volumizing Shampoo & Conditioner Set,","0-2s: Product close-up on Cosmetic House theme background | 2-5s: Texture / packaging detail | 5-8s: Routine placement text overlay | 8-12s: CTA: DM us to order or ask for a routine match","Owner review only."
"2026-05-24","18:45","Facebook Page + Instagram","Dove Bath Therapy Glow - Body Scrub","Dove","Body Wash","assets/products/dove-bath-therapy-glow-body-scrub.jpg","C:\Users\U S E R\Documents\New project 6\assets\products\dove-bath-therapy-glow-body-scrub.jpg","Body care glow","Body care deserves the same love as skincare.
Dove Bath Therapy Glow - Body Scrub
For anyone building a simple body care routine with products that feel easy to use and easy to love.
DM us to order or ask which routine step this fits into.
#cosmetic_house_lk #CosmeticHouseLK #SkincareSriLanka #SriLankaBeauty #BeautySriLanka #SkincareRoutine #GlowRoutine #OnlineShoppingSriLanka #ColomboBeauty #SriLankaOnlineShopping #BeautyProductsSriLanka #KoreanSkincareSriLanka #Dove","Body care glow: Dove Bath Therapy Glow - Body Scrub","Would you add this to your routine?","Reply with your skin type or beauty goal and we will help you pick the right match.","12-second product routine reel for Dove Bath Therapy Glow - Body Scrub","0-2s: Product close-up on Cosmetic House theme background | 2-5s: Texture / packaging detail | 5-8s: Routine placement text overlay | 8-12s: CTA: DM us to order or ask for a routine match","Owner review only."
"2026-05-25","20:30","Facebook Page + Instagram","Medicube Deep Vita A Retinol Serum","Medicube","Best Moving","assets/products/medicube-deep-vita-a-retinol-serum.jpg","C:\Users\U S E R\Documents\New project 6\assets\products\medicube-deep-vita-a-retinol-serum.jpg","Treatment focus","Small routine step, big glow energy.
Medicube Deep Vita A Retinol Serum
For anyone building a simple trending beauty routine with products that feel easy to use and easy to love.
DM us to order or ask which routine step this fits into.
#cosmetic_house_lk #CosmeticHouseLK #SkincareSriLanka #SriLankaBeauty #BeautySriLanka #SkincareRoutine #GlowRoutine #OnlineShoppingSriLanka #ColomboBeauty #SriLankaOnlineShopping #BeautyProductsSriLanka #KoreanSkincareSriLanka #Medicube","Treatment focus: Medicube Deep Vita A Retinol Serum","Would you add this to your routine?","Reply with your skin type or beauty goal and we will help you pick the right match.","12-second product routine reel for Medicube Deep Vita A Retinol Serum","0-2s: Product close-up on Cosmetic House theme background | 2-5s: Texture / packaging detail | 5-8s: Routine placement text overlay | 8-12s: CTA: DM us to order or ask for a routine match","Owner review only."
"2026-05-26","12:30","Facebook Page + Instagram","Innisfree Vitamin C Tone Up Sunscreen 50mlx2","Innisfree","Sunscreen","assets/products/innisfree-vitamin-c-tone-up-sunscreen-50mlx2.jpg","C:\Users\U S E R\Documents\New project 6\assets\products\innisfree-vitamin-c-tone-up-sunscreen-50mlx2.jpg","SPF reminder","Your glow routine is not complete without SPF.
Innisfree Vitamin C Tone Up Sunscreen 50mlx2
For anyone building a simple SPF routine with products that feel easy to use and easy to love.
DM us to order or ask which routine step this fits into.
#cosmetic_house_lk #CosmeticHouseLK #SkincareSriLanka #SriLankaBeauty #BeautySriLanka #SkincareRoutine #GlowRoutine #OnlineShoppingSriLanka #ColomboBeauty #SriLankaOnlineShopping #BeautyProductsSriLanka #KoreanSkincareSriLanka #Innisfree","SPF reminder: Innisfree Vitamin C Tone Up Sunscreen 50mlx2","Would you add this to your routine?","Reply with your skin type or beauty goal and we will help you pick the right match.","12-second product routine reel for Innisfree Vitamin C Tone Up Sunscreen 50mlx2","0-2s: Product close-up on Cosmetic House theme background | 2-5s: Texture / packaging detail | 5-8s: Routine placement text overlay | 8-12s: CTA: DM us to order or ask for a routine match","Owner review only."
"2026-05-27","21:15","Facebook Page + Instagram","Cosrx  Salicylic Acid Daily Gentle Cleanser 150ml","COSRX","Face Wash","assets/products/cosrx-salicylic-acid-daily-gentle-cleanser-150ml.jpg","C:\Users\U S E R\Documents\New project 6\assets\products\cosrx-salicylic-acid-daily-gentle-cleanser-150ml.jpg","Clean routine starter","Fresh skin starts with a cleanser that fits your routine.
Cosrx Salicylic Acid Daily Gentle Cleanser 150ml
For anyone building a simple cleanser routine with products that feel easy to use and easy to love.
DM us to order or ask which routine step this fits into.
#cosmetic_house_lk #CosmeticHouseLK #SkincareSriLanka #SriLankaBeauty #BeautySriLanka #SkincareRoutine #GlowRoutine #OnlineShoppingSriLanka #ColomboBeauty #SriLankaOnlineShopping #BeautyProductsSriLanka #KoreanSkincareSriLanka #COSRX","Clean routine starter: Cosrx  Salicylic Acid Daily Gentle Cleanser 150ml","Would you add this to your routine?","Reply with your skin type or beauty goal and we will help you pick the right match.","12-second product routine reel for Cosrx  Salicylic Acid Daily Gentle Cleanser 150ml","0-2s: Product close-up on Cosmetic House theme background | 2-5s: Texture / packaging detail | 5-8s: Routine placement text overlay | 8-12s: CTA: DM us to order or ask for a routine match","Owner review only."
"2026-05-28","19:45","Facebook Page + Instagram","SOL DE JANEIRO Brazilian Bum Bum Cream 75ml","Sol de Janeiro","Moisturizers","assets/products/sol-de-janeiro-brazilian-bum-bum-cream-75ml.jpg","C:\Users\U S E R\Documents\New project 6\assets\products\sol-de-janeiro-brazilian-bum-bum-cream-75ml.jpg","Barrier support","Soft, calm, comfortable skin is always in.
SOL DE JANEIRO Brazilian Bum Bum Cream 75ml
For anyone building a simple moisturizer routine with products that feel easy to use and easy to love.
DM us to order or ask which routine step this fits into.
#cosmetic_house_lk #CosmeticHouseLK #SkincareSriLanka #SriLankaBeauty #BeautySriLanka #SkincareRoutine #GlowRoutine #OnlineShoppingSriLanka #ColomboBeauty #SriLankaOnlineShopping #BeautyProductsSriLanka #KoreanSkincareSriLanka #SoldeJaneiro","Barrier support: SOL DE JANEIRO Brazilian Bum Bum Cream 75ml","Would you add this to your routine?","Reply with your skin type or beauty goal and we will help you pick the right match.","12-second product routine reel for SOL DE JANEIRO Brazilian Bum Bum Cream 75ml","0-2s: Product close-up on Cosmetic House theme background | 2-5s: Texture / packaging detail | 5-8s: Routine placement text overlay | 8-12s: CTA: DM us to order or ask for a routine match","Owner review only."
"2026-05-29","13:15","Facebook Page + Instagram","NIVEA Moist Pure Color Lip Brighten Up Cherry Red","Nivea","Makeup","assets/products/nivea-moist-pure-color-lip-brighten-up-cherry-red.jpg","C:\Users\U S E R\Documents\New project 6\assets\products\nivea-moist-pure-color-lip-brighten-up-cherry-red.jpg","Makeup pick","A pretty little beauty pick for your everyday bag.
NIVEA Moist Pure Color Lip Brighten Up Cherry Red
For anyone building a simple makeup routine with products that feel easy to use and easy to love.
DM us to order or ask which routine step this fits into.
#cosmetic_house_lk #CosmeticHouseLK #SkincareSriLanka #SriLankaBeauty #BeautySriLanka #SkincareRoutine #GlowRoutine #OnlineShoppingSriLanka #ColomboBeauty #SriLankaOnlineShopping #BeautyProductsSriLanka #KoreanSkincareSriLanka #Nivea","Makeup pick: NIVEA Moist Pure Color Lip Brighten Up Cherry Red","Would you add this to your routine?","Reply with your skin type or beauty goal and we will help you pick the right match.","12-second product routine reel for NIVEA Moist Pure Color Lip Brighten Up Cherry Red","0-2s: Product close-up on Cosmetic House theme background | 2-5s: Texture / packaging detail | 5-8s: Routine placement text overlay | 8-12s: CTA: DM us to order or ask for a routine match","Owner review only."
"2026-05-30","20:00","Facebook Page + Instagram","OGX Thick & Full + Biotin & Collagen Volumizing Shampoo & Conditioner Set,","OGX","Shampoos & Hair","assets/products/ogx-thick-full-biotin-collagen-volumizing-shampoo-conditioner-set.jpg","C:\Users\U S E R\Documents\New project 6\assets\products\ogx-thick-full-biotin-collagen-volumizing-shampoo-conditioner-set.jpg","Hair care reset","Good hair days start in the wash.
OGX Thick & Full + Biotin & Collagen Volumizing Shampoo & Conditioner Set,
For anyone building a simple hair care routine with products that feel easy to use and easy to love.
DM us to order or ask which routine step this fits into.
#cosmetic_house_lk #CosmeticHouseLK #SkincareSriLanka #SriLankaBeauty #BeautySriLanka #SkincareRoutine #GlowRoutine #OnlineShoppingSriLanka #ColomboBeauty #SriLankaOnlineShopping #BeautyProductsSriLanka #KoreanSkincareSriLanka #OGX","Hair care reset: OGX Thick & Full + Biotin & Collagen Volumizing Shampoo & Conditioner Set,","Would you add this to your routine?","Reply with your skin type or beauty goal and we will help you pick the right match.","12-second product routine reel for OGX Thick & Full + Biotin & Collagen Volumizing Shampoo & Conditioner Set,","0-2s: Product close-up on Cosmetic House theme background | 2-5s: Texture / packaging detail | 5-8s: Routine placement text overlay | 8-12s: CTA: DM us to order or ask for a routine match","Owner review only."
"2026-05-31","18:45","Facebook Page + Instagram","ST Ives SOFTENING COCONUT & ORCHID BODY LOTION","Beauty Edit","Body Wash","assets/products/st-ives-softening-coconut-orchid-body-lotion.jpg","C:\Users\U S E R\Documents\New project 6\assets\products\st-ives-softening-coconut-orchid-body-lotion.jpg","Barrier support","Soft, calm, comfortable skin is always in.
ST Ives SOFTENING COCONUT & ORCHID BODY LOTION
For anyone building a simple body care routine with products that feel easy to use and easy to love.
DM us to order or ask which routine step this fits into.
#cosmetic_house_lk #CosmeticHouseLK #SkincareSriLanka #SriLankaBeauty #BeautySriLanka #SkincareRoutine #GlowRoutine #OnlineShoppingSriLanka #ColomboBeauty #SriLankaOnlineShopping #BeautyProductsSriLanka #KoreanSkincareSriLanka","Barrier support: ST Ives SOFTENING COCONUT & ORCHID BODY LOTION","Would you add this to your routine?","Reply with your skin type or beauty goal and we will help you pick the right match.","12-second product routine reel for ST Ives SOFTENING COCONUT & ORCHID BODY LOTION","0-2s: Product close-up on Cosmetic House theme background | 2-5s: Texture / packaging detail | 5-8s: Routine placement text overlay | 8-12s: CTA: DM us to order or ask for a routine match","Owner review only."
"2026-06-01","20:30","Facebook Page + Instagram","pyary papaya skin whitening herbal soap","Beauty Edit","Best Moving","assets/products/pyary-papaya-skin-whitening-herbal-soap.jpg","C:\Users\U S E R\Documents\New project 6\assets\products\pyary-papaya-skin-whitening-herbal-soap.jpg","Beauty shelf feature","New beauty shelf favourite.
pyary papaya skin whitening herbal soap
For anyone building a simple trending beauty routine with products that feel easy to use and easy to love.
DM us to order or ask which routine step this fits into.
#cosmetic_house_lk #CosmeticHouseLK #SkincareSriLanka #SriLankaBeauty #BeautySriLanka #SkincareRoutine #GlowRoutine #OnlineShoppingSriLanka #ColomboBeauty #SriLankaOnlineShopping #BeautyProductsSriLanka #KoreanSkincareSriLanka","Beauty shelf feature: pyary papaya skin whitening herbal soap","Would you add this to your routine?","Reply with your skin type or beauty goal and we will help you pick the right match.","12-second product routine reel for pyary papaya skin whitening herbal soap","0-2s: Product close-up on Cosmetic House theme background | 2-5s: Texture / packaging detail | 5-8s: Routine placement text overlay | 8-12s: CTA: DM us to order or ask for a routine match","Owner review only."
"2026-06-02","12:30","Facebook Page + Instagram","Fade Out  ADVANCED BRIGHTENING DAY CREAM SPF20","Beauty Edit","Sunscreen","assets/products/fade-out-advanced-brightening-day-cream-spf20.jpg","C:\Users\U S E R\Documents\New project 6\assets\products\fade-out-advanced-brightening-day-cream-spf20.jpg","SPF reminder","Your glow routine is not complete without SPF.
Fade Out ADVANCED BRIGHTENING DAY CREAM SPF20
For anyone building a simple SPF routine with products that feel easy to use and easy to love.
DM us to order or ask which routine step this fits into.
#cosmetic_house_lk #CosmeticHouseLK #SkincareSriLanka #SriLankaBeauty #BeautySriLanka #SkincareRoutine #GlowRoutine #OnlineShoppingSriLanka #ColomboBeauty #SriLankaOnlineShopping #BeautyProductsSriLanka #KoreanSkincareSriLanka","SPF reminder: Fade Out  ADVANCED BRIGHTENING DAY CREAM SPF20","Would you add this to your routine?","Reply with your skin type or beauty goal and we will help you pick the right match.","12-second product routine reel for Fade Out  ADVANCED BRIGHTENING DAY CREAM SPF20","0-2s: Product close-up on Cosmetic House theme background | 2-5s: Texture / packaging detail | 5-8s: Routine placement text overlay | 8-12s: CTA: DM us to order or ask for a routine match","Owner review only."
"2026-06-03","21:15","Facebook Page + Instagram","K Secret SEOUL 1988 Cleansing Foam : Pine Cica 1% + Probiotics","Beauty Edit","Face Wash","assets/products/k-secret-seoul-1988-cleansing-foam-pine-cica-1-probiotics.jpg","C:\Users\U S E R\Documents\New project 6\assets\products\k-secret-seoul-1988-cleansing-foam-pine-cica-1-probiotics.jpg","Clean routine starter","Fresh skin starts with a cleanser that fits your routine.
K Secret SEOUL 1988 Cleansing Foam : Pine Cica 1% + Probiotics
For anyone building a simple cleanser routine with products that feel easy to use and easy to love.
DM us to order or ask which routine step this fits into.
#cosmetic_house_lk #CosmeticHouseLK #SkincareSriLanka #SriLankaBeauty #BeautySriLanka #SkincareRoutine #GlowRoutine #OnlineShoppingSriLanka #ColomboBeauty #SriLankaOnlineShopping #BeautyProductsSriLanka #KoreanSkincareSriLanka","Clean routine starter: K Secret SEOUL 1988 Cleansing Foam : Pine Cica 1% + Probiotics","Would you add this to your routine?","Reply with your skin type or beauty goal and we will help you pick the right match.","12-second product routine reel for K Secret SEOUL 1988 Cleansing Foam : Pine Cica 1% + Probiotics","0-2s: Product close-up on Cosmetic House theme background | 2-5s: Texture / packaging detail | 5-8s: Routine placement text overlay | 8-12s: CTA: DM us to order or ask for a routine match","Owner review only."
"2026-06-04","19:45","Facebook Page + Instagram","Good Molecules Gentle Retinol Cream","Beauty Edit","Moisturizers","assets/products/good-molecules-gentle-retinol-cream.jpg","C:\Users\U S E R\Documents\New project 6\assets\products\good-molecules-gentle-retinol-cream.jpg","Barrier support","Soft, calm, comfortable skin is always in.
Good Molecules Gentle Retinol Cream
For anyone building a simple moisturizer routine with products that feel easy to use and easy to love.
DM us to order or ask which routine step this fits into.
#cosmetic_house_lk #CosmeticHouseLK #SkincareSriLanka #SriLankaBeauty #BeautySriLanka #SkincareRoutine #GlowRoutine #OnlineShoppingSriLanka #ColomboBeauty #SriLankaOnlineShopping #BeautyProductsSriLanka #KoreanSkincareSriLanka","Barrier support: Good Molecules Gentle Retinol Cream","Would you add this to your routine?","Reply with your skin type or beauty goal and we will help you pick the right match.","12-second product routine reel for Good Molecules Gentle Retinol Cream","0-2s: Product close-up on Cosmetic House theme background | 2-5s: Texture / packaging detail | 5-8s: Routine placement text overlay | 8-12s: CTA: DM us to order or ask for a routine match","Owner review only."
"2026-06-05","13:15","Facebook Page + Instagram","K secret SEOUL 1988 Eye Cream : Retinal Liposome 4% + Fermented Bean","Beauty Edit","Makeup","assets/products/k-secret-seoul-1988-eye-cream-retinal-liposome-4-fermented-bean.jpg","C:\Users\U S E R\Documents\New project 6\assets\products\k-secret-seoul-1988-eye-cream-retinal-liposome-4-fermented-bean.jpg","Barrier support","Soft, calm, comfortable skin is always in.
K secret SEOUL 1988 Eye Cream : Retinal Liposome 4% + Fermented Bean
For anyone building a simple makeup routine with products that feel easy to use and easy to love.
DM us to order or ask which routine step this fits into.
#cosmetic_house_lk #CosmeticHouseLK #SkincareSriLanka #SriLankaBeauty #BeautySriLanka #SkincareRoutine #GlowRoutine #OnlineShoppingSriLanka #ColomboBeauty #SriLankaOnlineShopping #BeautyProductsSriLanka #KoreanSkincareSriLanka","Barrier support: K secret SEOUL 1988 Eye Cream : Retinal Liposome 4% + Fermented Bean","Would you add this to your routine?","Reply with your skin type or beauty goal and we will help you pick the right match.","12-second product routine reel for K secret SEOUL 1988 Eye Cream : Retinal Liposome 4% + Fermented Bean","0-2s: Product close-up on Cosmetic House theme background | 2-5s: Texture / packaging detail | 5-8s: Routine placement text overlay | 8-12s: CTA: DM us to order or ask for a routine match","Owner review only."
"2026-06-06","20:00","Facebook Page + Instagram","OGX Thick & Full + Biotin & Collagen Volumizing Shampoo & Conditioner Set,","OGX","Shampoos & Hair","assets/products/ogx-thick-full-biotin-collagen-volumizing-shampoo-conditioner-set.jpg","C:\Users\U S E R\Documents\New project 6\assets\products\ogx-thick-full-biotin-collagen-volumizing-shampoo-conditioner-set.jpg","Hair care reset","Good hair days start in the wash.
OGX Thick & Full + Biotin & Collagen Volumizing Shampoo & Conditioner Set,
For anyone building a simple hair care routine with products that feel easy to use and easy to love.
DM us to order or ask which routine step this fits into.
#cosmetic_house_lk #CosmeticHouseLK #SkincareSriLanka #SriLankaBeauty #BeautySriLanka #SkincareRoutine #GlowRoutine #OnlineShoppingSriLanka #ColomboBeauty #SriLankaOnlineShopping #BeautyProductsSriLanka #KoreanSkincareSriLanka #OGX","Hair care reset: OGX Thick & Full + Biotin & Collagen Volumizing Shampoo & Conditioner Set,","Would you add this to your routine?","Reply with your skin type or beauty goal and we will help you pick the right match.","12-second product routine reel for OGX Thick & Full + Biotin & Collagen Volumizing Shampoo & Conditioner Set,","0-2s: Product close-up on Cosmetic House theme background | 2-5s: Texture / packaging detail | 5-8s: Routine placement text overlay | 8-12s: CTA: DM us to order or ask for a routine match","Owner review only."
"2026-06-07","18:45","Facebook Page + Instagram","GARNIER Sakura Glow Serum Body Lotion 400ml","Beauty Edit","Body Wash","assets/products/garnier-sakura-glow-serum-body-lotion-400ml.jpg","C:\Users\U S E R\Documents\New project 6\assets\products\garnier-sakura-glow-serum-body-lotion-400ml.jpg","Barrier support","Soft, calm, comfortable skin is always in.
GARNIER Sakura Glow Serum Body Lotion 400ml
For anyone building a simple body care routine with products that feel easy to use and easy to love.
DM us to order or ask which routine step this fits into.
#cosmetic_house_lk #CosmeticHouseLK #SkincareSriLanka #SriLankaBeauty #BeautySriLanka #SkincareRoutine #GlowRoutine #OnlineShoppingSriLanka #ColomboBeauty #SriLankaOnlineShopping #BeautyProductsSriLanka #KoreanSkincareSriLanka","Barrier support: GARNIER Sakura Glow Serum Body Lotion 400ml","Would you add this to your routine?","Reply with your skin type or beauty goal and we will help you pick the right match.","12-second product routine reel for GARNIER Sakura Glow Serum Body Lotion 400ml","0-2s: Product close-up on Cosmetic House theme background | 2-5s: Texture / packaging detail | 5-8s: Routine placement text overlay | 8-12s: CTA: DM us to order or ask for a routine match","Owner review only."
"2026-06-08","20:30","Facebook Page + Instagram","Nivea - Rose Touch - Micellar Water - 400 ml","Nivea","Best Moving","assets/products/nivea-rose-touch-micellar-water-400-ml.jpg","C:\Users\U S E R\Documents\New project 6\assets\products\nivea-rose-touch-micellar-water-400-ml.jpg","Routine pick","New beauty shelf favourite.
Nivea - Rose Touch - Micellar Water - 400 ml
For anyone building a simple trending beauty routine with products that feel easy to use and easy to love.
DM us to order or ask which routine step this fits into.
#cosmetic_house_lk #CosmeticHouseLK #SkincareSriLanka #SriLankaBeauty #BeautySriLanka #SkincareRoutine #GlowRoutine #OnlineShoppingSriLanka #ColomboBeauty #SriLankaOnlineShopping #BeautyProductsSriLanka #KoreanSkincareSriLanka #Nivea","Routine pick: Nivea - Rose Touch - Micellar Water - 400 ml","Would you add this to your routine?","Reply with your skin type or beauty goal and we will help you pick the right match.","12-second product routine reel for Nivea - Rose Touch - Micellar Water - 400 ml","0-2s: Product close-up on Cosmetic House theme background | 2-5s: Texture / packaging detail | 5-8s: Routine placement text overlay | 8-12s: CTA: DM us to order or ask for a routine match","Owner review only."
"2026-06-09","12:30","Facebook Page + Instagram","Fade Out  ANTI-WRINKLE BRIGHTENING DAY CREAM SPF25","Beauty Edit","Sunscreen","assets/products/fade-out-anti-wrinkle-brightening-day-cream-spf25.jpg","C:\Users\U S E R\Documents\New project 6\assets\products\fade-out-anti-wrinkle-brightening-day-cream-spf25.jpg","SPF reminder","Your glow routine is not complete without SPF.
Fade Out ANTI-WRINKLE BRIGHTENING DAY CREAM SPF25
For anyone building a simple SPF routine with products that feel easy to use and easy to love.
DM us to order or ask which routine step this fits into.
#cosmetic_house_lk #CosmeticHouseLK #SkincareSriLanka #SriLankaBeauty #BeautySriLanka #SkincareRoutine #GlowRoutine #OnlineShoppingSriLanka #ColomboBeauty #SriLankaOnlineShopping #BeautyProductsSriLanka #KoreanSkincareSriLanka","SPF reminder: Fade Out  ANTI-WRINKLE BRIGHTENING DAY CREAM SPF25","Would you add this to your routine?","Reply with your skin type or beauty goal and we will help you pick the right match.","12-second product routine reel for Fade Out  ANTI-WRINKLE BRIGHTENING DAY CREAM SPF25","0-2s: Product close-up on Cosmetic House theme background | 2-5s: Texture / packaging detail | 5-8s: Routine placement text overlay | 8-12s: CTA: DM us to order or ask for a routine match","Owner review only."
"2026-06-10","21:15","Facebook Page + Instagram","Cerave Hydrating Foaming Oil Cleanser","CeraVe","Face Wash","assets/products/cerave-hydrating-foaming-oil-cleanser.jpg","C:\Users\U S E R\Documents\New project 6\assets\products\cerave-hydrating-foaming-oil-cleanser.jpg","Clean routine starter","Fresh skin starts with a cleanser that fits your routine.
Cerave Hydrating Foaming Oil Cleanser
For anyone building a simple cleanser routine with products that feel easy to use and easy to love.
DM us to order or ask which routine step this fits into.
#cosmetic_house_lk #CosmeticHouseLK #SkincareSriLanka #SriLankaBeauty #BeautySriLanka #SkincareRoutine #GlowRoutine #OnlineShoppingSriLanka #ColomboBeauty #SriLankaOnlineShopping #BeautyProductsSriLanka #KoreanSkincareSriLanka #CeraVe","Clean routine starter: Cerave Hydrating Foaming Oil Cleanser","Would you add this to your routine?","Reply with your skin type or beauty goal and we will help you pick the right match.","12-second product routine reel for Cerave Hydrating Foaming Oil Cleanser","0-2s: Product close-up on Cosmetic House theme background | 2-5s: Texture / packaging detail | 5-8s: Routine placement text overlay | 8-12s: CTA: DM us to order or ask for a routine match","Owner review only."
"2026-06-11","19:45","Facebook Page + Instagram","Fade Out  ADVANCED BRIGHTENING NIGHT CREAM","Beauty Edit","Moisturizers","assets/products/fade-out-advanced-brightening-night-cream.jpg","C:\Users\U S E R\Documents\New project 6\assets\products\fade-out-advanced-brightening-night-cream.jpg","Barrier support","Soft, calm, comfortable skin is always in.
Fade Out ADVANCED BRIGHTENING NIGHT CREAM
For anyone building a simple moisturizer routine with products that feel easy to use and easy to love.
DM us to order or ask which routine step this fits into.
#cosmetic_house_lk #CosmeticHouseLK #SkincareSriLanka #SriLankaBeauty #BeautySriLanka #SkincareRoutine #GlowRoutine #OnlineShoppingSriLanka #ColomboBeauty #SriLankaOnlineShopping #BeautyProductsSriLanka #KoreanSkincareSriLanka","Barrier support: Fade Out  ADVANCED BRIGHTENING NIGHT CREAM","Would you add this to your routine?","Reply with your skin type or beauty goal and we will help you pick the right match.","12-second product routine reel for Fade Out  ADVANCED BRIGHTENING NIGHT CREAM","0-2s: Product close-up on Cosmetic House theme background | 2-5s: Texture / packaging detail | 5-8s: Routine placement text overlay | 8-12s: CTA: DM us to order or ask for a routine match","Owner review only."
"2026-06-12","13:15","Facebook Page + Instagram","Labello Strawberry Shine Lip Care Balm – 4.8g","Beauty Edit","Makeup","assets/products/labello-strawberry-shine-lip-care-balm-4-8g.jpg","C:\Users\U S E R\Documents\New project 6\assets\products\labello-strawberry-shine-lip-care-balm-4-8g.jpg","Makeup pick","A pretty little beauty pick for your everyday bag.
Labello Strawberry Shine Lip Care Balm – 4.8g
For anyone building a simple makeup routine with products that feel easy to use and easy to love.
DM us to order or ask which routine step this fits into.
#cosmetic_house_lk #CosmeticHouseLK #SkincareSriLanka #SriLankaBeauty #BeautySriLanka #SkincareRoutine #GlowRoutine #OnlineShoppingSriLanka #ColomboBeauty #SriLankaOnlineShopping #BeautyProductsSriLanka #KoreanSkincareSriLanka","Makeup pick: Labello Strawberry Shine Lip Care Balm – 4.8g","Would you add this to your routine?","Reply with your skin type or beauty goal and we will help you pick the right match.","12-second product routine reel for Labello Strawberry Shine Lip Care Balm – 4.8g","0-2s: Product close-up on Cosmetic House theme background | 2-5s: Texture / packaging detail | 5-8s: Routine placement text overlay | 8-12s: CTA: DM us to order or ask for a routine match","Owner review only."
"2026-06-13","20:00","Facebook Page + Instagram","OGX Thick & Full + Biotin & Collagen Volumizing Shampoo & Conditioner Set,","OGX","Shampoos & Hair","assets/products/ogx-thick-full-biotin-collagen-volumizing-shampoo-conditioner-set.jpg","C:\Users\U S E R\Documents\New project 6\assets\products\ogx-thick-full-biotin-collagen-volumizing-shampoo-conditioner-set.jpg","Hair care reset","Good hair days start in the wash.
OGX Thick & Full + Biotin & Collagen Volumizing Shampoo & Conditioner Set,
For anyone building a simple hair care routine with products that feel easy to use and easy to love.
DM us to order or ask which routine step this fits into.
#cosmetic_house_lk #CosmeticHouseLK #SkincareSriLanka #SriLankaBeauty #BeautySriLanka #SkincareRoutine #GlowRoutine #OnlineShoppingSriLanka #ColomboBeauty #SriLankaOnlineShopping #BeautyProductsSriLanka #KoreanSkincareSriLanka #OGX","Hair care reset: OGX Thick & Full + Biotin & Collagen Volumizing Shampoo & Conditioner Set,","Would you add this to your routine?","Reply with your skin type or beauty goal and we will help you pick the right match.","12-second product routine reel for OGX Thick & Full + Biotin & Collagen Volumizing Shampoo & Conditioner Set,","0-2s: Product close-up on Cosmetic House theme background | 2-5s: Texture / packaging detail | 5-8s: Routine placement text overlay | 8-12s: CTA: DM us to order or ask for a routine match","Owner review only."
"2026-06-14","18:45","Facebook Page + Instagram","ST Ives RENEWING COLLAGEN & ELASTIN BODY LOTION","Beauty Edit","Body Wash","assets/products/st-ives-renewing-collagen-elastin-body-lotion.jpg","C:\Users\U S E R\Documents\New project 6\assets\products\st-ives-renewing-collagen-elastin-body-lotion.jpg","Barrier support","Soft, calm, comfortable skin is always in.
ST Ives RENEWING COLLAGEN & ELASTIN BODY LOTION
For anyone building a simple body care routine with products that feel easy to use and easy to love.
DM us to order or ask which routine step this fits into.
#cosmetic_house_lk #CosmeticHouseLK #SkincareSriLanka #SriLankaBeauty #BeautySriLanka #SkincareRoutine #GlowRoutine #OnlineShoppingSriLanka #ColomboBeauty #SriLankaOnlineShopping #BeautyProductsSriLanka #KoreanSkincareSriLanka","Barrier support: ST Ives RENEWING COLLAGEN & ELASTIN BODY LOTION","Would you add this to your routine?","Reply with your skin type or beauty goal and we will help you pick the right match.","12-second product routine reel for ST Ives RENEWING COLLAGEN & ELASTIN BODY LOTION","0-2s: Product close-up on Cosmetic House theme background | 2-5s: Texture / packaging detail | 5-8s: Routine placement text overlay | 8-12s: CTA: DM us to order or ask for a routine match","Owner review only."
"2026-06-15","20:30","Facebook Page + Instagram","Dove Renewing Glow Pink Clay Shower Gel, 500 ml","Dove","Best Moving","assets/products/dove-renewing-glow-pink-clay-shower-gel-500-ml.jpg","C:\Users\U S E R\Documents\New project 6\assets\products\dove-renewing-glow-pink-clay-shower-gel-500-ml.jpg","Best mover","New beauty shelf favourite.
Dove Renewing Glow Pink Clay Shower Gel, 500 ml
For anyone building a simple trending beauty routine with products that feel easy to use and easy to love.
DM us to order or ask which routine step this fits into.
#cosmetic_house_lk #CosmeticHouseLK #SkincareSriLanka #SriLankaBeauty #BeautySriLanka #SkincareRoutine #GlowRoutine #OnlineShoppingSriLanka #ColomboBeauty #SriLankaOnlineShopping #BeautyProductsSriLanka #KoreanSkincareSriLanka #Dove","Best mover: Dove Renewing Glow Pink Clay Shower Gel, 500 ml","Would you add this to your routine?","Reply with your skin type or beauty goal and we will help you pick the right match.","12-second product routine reel for Dove Renewing Glow Pink Clay Shower Gel, 500 ml","0-2s: Product close-up on Cosmetic House theme background | 2-5s: Texture / packaging detail | 5-8s: Routine placement text overlay | 8-12s: CTA: DM us to order or ask for a routine match","Owner review only."
"2026-06-16","12:30","Facebook Page + Instagram","combo Axis-Y Dark Spot Correcting Glow Serum 50ml +Axis-Y Complete No-Stress Physical Sunscreen 50ml","AXIS-Y","Sunscreen","assets/products/combo-axis-y-dark-spot-correcting-glow-serum-50ml-axis-y-complete-no-stress-physical-sunscreen-50ml.jpg","C:\Users\U S E R\Documents\New project 6\assets\products\combo-axis-y-dark-spot-correcting-glow-serum-50ml-axis-y-complete-no-stress-physical-sunscreen-50ml.jpg","SPF reminder","Your glow routine is not complete without SPF.
combo Axis-Y Dark Spot Correcting Glow Serum 50ml +Axis-Y Complete No-Stress Physical Sunscreen 50ml
For anyone building a simple SPF routine with products that feel easy to use and easy to love.
DM us to order or ask which routine step this fits into.
#cosmetic_house_lk #CosmeticHouseLK #SkincareSriLanka #SriLankaBeauty #BeautySriLanka #SkincareRoutine #GlowRoutine #OnlineShoppingSriLanka #ColomboBeauty #SriLankaOnlineShopping #BeautyProductsSriLanka #KoreanSkincareSriLanka #AXISY","SPF reminder: combo Axis-Y Dark Spot Correcting Glow Serum 50ml +Axis-Y Complete No-Stress Physical Sunscreen 50ml","Would you add this to your routine?","Reply with your skin type or beauty goal and we will help you pick the right match.","12-second product routine reel for combo Axis-Y Dark Spot Correcting Glow Serum 50ml +Axis-Y Complete No-Stress Physical Sunscreen 50ml","0-2s: Product close-up on Cosmetic House theme background | 2-5s: Texture / packaging detail | 5-8s: Routine placement text overlay | 8-12s: CTA: DM us to order or ask for a routine match","Owner review only."
